insert into norm.project_statuses (title, id)
values
    ('Новый', 0),
    ('Ожидает активации', 1),
    ('В норме', 2),
    ('Есть замечания', 3),
    ('Есть незначительные нарушения', 4),
    ('Есть нарушения', 5),
    ('Есть грубые нарушения', 6),
    ('Приостановлен', 7);

insert into norm.punishment_statuses (title, id)
values
    ('Устранено', 0),
    ('Замечание', 1),
    ('Незначительное нарушение', 2),
    ('Простое нарушение', 3),
    ('Грубое нарушение', 4);

insert into norm.report_statuses (title, id)
values
    ('Завершен', 0),
    ('Проверяется', 1),
    ('Отклонен', 2);

insert into norm.kpgz (code, title, id)
values ('02.03.01.02.02','СТРОИТЕЛЬСТВО СПОРТИВНЫХ СООРУЖЕНИЙ',638862539),
       ('02.03.02.06','СТРОИТЕЛЬСТВО ОБЪЕКТОВ ГАЗОСНАБЖЕНИЯ',638862545),
       ('02.03.01.02.05','СТРОИТЕЛЬСТВО АДМИНИСТРАТИВНЫХ ЗДАНИЙ',638862937),
       ('02.03.02.08.05','СТРОИТЕЛЬСТВО ОБЪЕКТОВ ГРАЖДАНСКОЙ ОБОРОНЫ, ЧС И ПОЖАРНОЙ БЕЗОПАСНОСТИ',638863143),
       ('02.03.02.02.03','СТРОИТЕЛЬСТВО ОБЪЕКТОВ ИНФРАСТРУКТУРЫ ЖЕЛЕЗНОДОРОЖНОГО ТРАНСПОРТА',638863195),
       ('02.03.02.02.02.03','РАБОТЫ ПО УСТРОЙСТВУ ДОРОЖНЫХ ПОКРЫТИЙ',638863988),
       ('02.03.02.08.02','СТРОИТЕЛЬСТВО ОБЪЕКТОВ ПРОГРАММЫ «БЕЗОПАСНЫЙ ГОРОД»',638864437),
       ('02.03.02.02.02.99','РАБОТЫ ПО СТРОИТЕЛЬСТВУ ОБЪЕКТОВ ДОРОЖНОГО ХОЗЯЙСТВА ПРОЧИЕ',638864547),
       ('02.03.02.02.07','СТРОИТЕЛЬСТВО МОСТОВ',638865425),
       ('02.03.02.04','СТРОИТЕЛЬСТВО ОБЪЕКТОВ СВЯЗИ',638865429),
       ('02.03.02.07','СТРОИТЕЛЬСТВО ОБЪЕКТОВ ВОДОСНАБЖЕНИЯ И КАНАЛИЗАЦИИ',638865431),
       ('02.03.02.10','УСТРОЙСТВО УЛИЧНЫХ ЛЕСТНИЦ',638865435),
       ('02.03.07.01','УСТРОЙСТВО ВХОДНЫХ ГРУПП ДЛЯ ИНВАЛИДОВ В ЗДАНИЯХ',638865447),
       ('02.03.02.02.14','СТРОИТЕЛЬСТВО ОБЪЕКТОВ ИНФРАСТРУКТУРЫ ВОДНОГО ТРАНСПОРТА',638866010),
       ('02.03.02.02.02.02','РАБОТЫ ПО МОНТАЖУ СИСТЕМ ОСВЕЩЕНИЯ ДЛЯ АВТОДОРОГ',638866972),
       ('02.03.02.06.01','СТРОИТЕЛЬСТВО ГАЗОПРОВОДОВ',638866978),
       ('02.03.02.02.02','СТРОИТЕЛЬСТВО ОБЪЕКТОВ ДОРОЖНОГО ХОЗЯЙСТВА',638867021),
       ('02.03.01.02.04','СТРОИТЕЛЬСТВО ЗДАНИЙ И СООРУЖЕНИЙ ОБРАЗОВАНИЯ',638867549),
       ('02.03.02.01.02','СТРОИТЕЛЬСТВО ОБЪЕКТОВ СЕЛЬСКОХОЗЯЙСТВЕННОГО НАЗНАЧЕНИЯ',638867647),
       ('02.03.02.02.01','СТРОИТЕЛЬСТВО АВТОМОБИЛЬНЫХ ДОРОГ',638868486),
       ('02.03.02.03.02','СТРОИТЕЛЬСТВО ТЕПЛОВЫХ МАГИСТРАЛЕЙ',638868488),
       ('02.03.01.02','СТРОИТЕЛЬСТВО НЕЖИЛЫХ ЗДАНИЙ',638868589),
       ('02.03.02.03.03','СТРОИТЕЛЬСТВО ТЕПЛОВЫХ ПУНКТОВ',638868625),
       ('02.03.07.03','ОБУСТРОЙСТВО ПОМЕЩЕНИЙ ОБРАЗОВАТЕЛЬНЫХ УЧРЕЖДЕНИЙ ДЛЯ МАЛОМОБИЛЬНЫХ ГРУПП НАСЕЛЕНИЯ',638868665),
       ('02.03.01.02.07','СТРОИТЕЛЬСТВО УЧРЕЖДЕНИЙ КУЛЬТУРЫ',638868831),
       ('02.03.01.02.01','СТРОИТЕЛЬСТВО ЗДАНИЙ ДЛЯ ТОРГОВЛИ, ГОСТИНИЦ И РЕСТОРАНОВ',638869014),
       ('02.03.02.05.04','СТРОИТЕЛЬСТВО РАСПРЕДЕЛИТЕЛЬНЫХ СЕТЕЙ',638869944),
       ('02.03.02.08','СТРОИТЕЛЬСТВО ОБЪЕКТОВ БЕЗОПАСНОСТИ',638869946),
       ('02.03.02.01.01','СТРОИТЕЛЬСТВО ПРОМЫШЛЕННЫХ ОБЪЕКТОВ',638870063),
       ('02.03.01.02.06','СТРОИТЕЛЬСТВО ОБЪЕКТОВ ЗДРАВООХРАНЕНИЯ',638870302),
       ('02.03.02.02.13','СТРОИТЕЛЬСТВО ОБЪЕКТОВ РЕМОНТА, СОДЕРЖАНИЯ, ОБСЛУЖИВАНИЯ, ХРАНЕНИЯ ТРАНСПОРТНЫХ СРЕДСТВ',638870523),
       ('02.03.02.08.03','СТРОИТЕЛЬСТВО ОБЪЕКТОВ ОХРАНЫ И ПОВЫШЕНИЯ КАЧЕСТВА ОКРУЖАЮЩЕЙ СРЕДЫ',638870525),
       ('02.03.02.01','СТРОИТЕЛЬСТВО ОБЪЕКТОВ ПРОМЫШЛЕННОСТИ, СЕЛЬСКОГО ХОЗЯЙСТВА, НАУЧНО-ИННОВАЦИОННОЙ ИНФРАСТРУКТУРЫ',638871498),
       ('02.03.02.02.06','СТРОИТЕЛЬСТВО ОБЪЕКТОВ ИНФРАСТРУКТУРЫ МЕТРОПОЛИТЕНА',638871502),
       ('02.03.02.03','СТРОИТЕЛЬСТВО ОБЪЕКТОВ ТЕПЛОСНАБЖЕНИЯ',638871505),
       ('02.03.02.03.05','СТРОИТЕЛЬСТВО НАРУЖНЫХ ТЕПЛОВЫХ СЕТЕЙ',638871510),
       ('02.03.02.99','СТРОИТЕЛЬСТВО ПРОЧИХ ОБЪЕКТОВ КАПИТАЛЬНОГО СТРОИТЕЛЬСТВА, НЕ ВКЛЮЧЕННЫХ В ДРУГИЕ ГРУППИРОВКИ',638871594),
       ('02.03.02.02','СТРОИТЕЛЬСТВО ТРАНСПОРТНЫХ ОБЪЕКТОВ',638871795),
       ('02.03.02.05.01','СТРОИТЕЛЬСТВО ЭЛЕКТРОСТАНЦИЙ',638872101),
       ('02.03.02.05','СТРОИТЕЛЬСТВО ОБЪЕКТОВ ЭЛЕКТРОСНАБЖЕНИЯ',638872885),
       ('02.03.02.05.02','СТРОИТЕЛЬСТВО ЭЛЕКТРОПОДСТАНЦИЙ',638872891),
       ('02.03.02.06.02','СТРОИТЕЛЬСТВО ГАЗОРЕГУЛЯТОРНЫХ ПУНКТОВ И УСТАНОВОК',638872895),
       ('02.03.03.03','ОЗЕЛЕНЕНИЕ ТЕРРИТОРИЙ',638872897),
       ('02.03.07.02','ОБУСТРОЙСТВО ПОМЕЩЕНИЙ ДЛЯ МАЛОМОБИЛЬНЫХ ГРУПП НАСЕЛЕНИЯ (КРОМЕ ПОМЕЩЕНИЙ ОБРАЗОВАТЕЛЬНЫХ УЧРЕЖДЕНИЙ)',638873355),
       ('02.03.02.01.03','СТРОИТЕЛЬСТВО ОБЪЕКТОВ НАУЧНО-ИННОВАЦИОННОГО НАЗНАЧЕНИЯ',638873389),
       ('02.03.01.01','СТРОИТЕЛЬСТВО ЖИЛЫХ ЗДАНИЙ',638873465),
       ('02.03.02.02.08','СТРОИТЕЛЬСТВО ПРЕДПРИЯТИЙ И ОБЪЕКТОВ ОБЩЕСТВЕННОГО ТРАНСПОРТА',638873467),
       ('02.03.02.02.12','СТРОИТЕЛЬСТВО ОБЪЕКТОВ МАССОВОГО ОБСЛУЖИВАНИЯ ПАССАЖИРОВ',638873469),
       ('02.03.02.02.02.04','РАБОТЫ ПО УСТРОЙСТВУ ВЕЛОСИПЕДНОЙ ИНФРАСТРУКТУРЫ',912367304),
       ('02.03.02.12','СТРОИТЕЛЬСТВО ОБЪЕКТОВ РИТУАЛЬНОГО НАЗНАЧЕНИЯ',912371062),
       ('02.03.02.02.02.05','СТРОИТЕЛЬСТВО СВЕТОФОРНЫХ ОБЪЕКТОВ',912372778),
       ('02.03.03.07','ОБУСТРОЙСТВО ТЕРРИТОРИЙ СРЕДСТВАМИ ОБЕСПЕЧЕНИЯ ТРАНСПОРТНОЙ БЕЗОПАСНОСТИ',925749398),
       ('02.03.03.08','ОБУСТРОЙСТВО ТЕРРИТОРИЙ ЭЛЕМЕНТАМИ ОРГАНИЗАЦИИ РЕЛЬЕФА',925749400),
       ('02.03.03.09','ОБУСТРОЙСТВО ТЕРРИТОРИЙ ЭЛЕМЕНТАМИ НАРУЖНОГО ОСВЕЩЕНИЯ',925749403),
       ('02.03.03.10','ОБУСТРОЙСТВО ТЕРРИТОРИЙ ЭЛЕМЕНТАМИ ИНЖЕНЕРНЫХ КОММУНИКАЦИЙ',925749405),
       ('02.03.03.11','ОБУСТРОЙСТВО ПОКРЫТИЙ И ЭЛЕМЕНТОВ СОПРЯЖЕНИЯ ТЕРРИТОРИЙ',925749427),
       ('02.03.03.12','ОБУСТРОЙСТВО ТЕРРИТОРИЙ ДЛЯ МАЛОМОБИЛЬНЫХ ГРУПП НАСЕЛЕНИЯ',925749429),
       ('02.03.03.06','ОБУСТРОЙСТВО МАФ ТЕРРИТОРИЙ',925749443),
       ('02.03.02.02.15','СТРОИТЕЛЬСТВО ОБЪЕКТОВ, ВКЛЮЧЕННЫХ В АДРЕСНУЮ ИНВЕСТИЦИОННУЮ ПРОГРАММУ',1006905324),
       ('02.03.02.05.05','СТРОИТЕЛЬСТВО СОСТАВНЫХ ЧАСТЕЙ НАРУЖНЫХ ЭЛЕКТРИЧЕСКИХ СЕТЕЙ',1056352075),
       ('02.03.90.03','КОМПЛЕКС РАБОТ ПО ПОДГОТОВКЕ ПРОЕКТНОЙ ДОКУМЕНТАЦИИ, ВЫПОЛНЕНИЮ ИНЖЕНЕРНЫХ ИЗЫСКАНИЙ, КАПИТАЛЬНОМУ РЕМОНТУ ИСКУССТВЕННЫХ ДОРОЖНЫХ СООРУЖЕНИЙ',2702759776),
       ('02.03.90.02','КОМПЛЕКС РАБОТ ПО ПОДГОТОВКЕ ПРОЕКТНОЙ ДОКУМЕНТАЦИИ, ВЫПОЛНЕНИЮ ИНЖЕНЕРНЫХ ИЗЫСКАНИЙ, СТРОИТЕЛЬСТВУ, РЕКОНСТРУКЦИИ ОБЪЕКТОВ КАПИТАЛЬНОГО СТРОИТЕЛЬСТВА',2702759777),
       ('02.03.90.01','КОМПЛЕКС РАБОТ ПО ПОДГОТОВКЕ ПРОЕКТНОЙ ДОКУМЕНТАЦИИ, ВЫПОЛНЕНИЮ ИНЖЕНЕРНЫХ ИЗЫСКАНИЙ, КАПИТАЛЬНОМУ РЕМОНТУ ОБЪЕКТОВ КАПИТАЛЬНОГО СТРОИТЕЛЬСТВА',2702759778),
       ('02.03.03.13','ВЫПОЛНЕНИЕ РАБОТ ПО РЕМОНТУ ЭЛЕМЕНТОВ ЗДАНИЯ ПРИ БЛАГОУСТРОЙСТВЕ ТЕРРИТОРИИ',2702759780);

insert into norm.regulation_docs (title, uuid)
values  ('Градостроительный кодекс Российской Федерации (ФЗ-190)','550e8400-e29b-41d4-a716-446655440000'),
        ('Федеральный закон № 184-ФЗ "О техническом регулировании"','550e8400-e29b-41d4-a716-446655440001'),
        ('Федеральный закон № 52-ФЗ "О санитарно-эпидемиологическом благополучии населения"','550e8400-e29b-41d4-a716-446655440002'),
        ('Федеральный закон № 7-ФЗ "Об охране окружающей среды"','550e8400-e29b-41d4-a716-446655440003'),
        ('Федеральный закон № 123-ФЗ "Технический регламент о требованиях пожарной безопасности"','550e8400-e29b-41d4-a716-446655440004'),
        ('СНиП 2.07.01-89* "Градостроительство. Планировка и застройка городских и сельских поселений"','550e8400-e29b-41d4-a716-446655440005'),
        ('СП 42.13330.2016 "Градостроительство. Планировка и застройка городских и сельских поселений"','550e8400-e29b-41d4-a716-446655440006'),
        ('СП 59.13330.2016 "Доступность зданий и сооружений для маломобильных групп населения"','550e8400-e29b-41d4-a716-446655440007'),
        ('СП 78.13330.2012 "Автомобильные дороги"','550e8400-e29b-41d4-a716-446655440008'),
        ('ГОСТ Р 50597-2017 "Автомобильные дороги и улицы. Требования к эксплуатационному состоянию"','550e8400-e29b-41d4-a716-446655440009'),
        ('ГОСТ 32945-2014 "Бордюр дорожный из бетона вибропрессованный"','550e8400-e29b-41d4-a716-44665544000a'),
        ('ГОСТ 6665-91 "Плиты тротуарные бетонные"','550e8400-e29b-41d4-a716-44665544000b'),
        ('СП 82.13330.2016 "Улично-дорожная сеть"','550e8400-e29b-41d4-a716-44665544000c'),
        ('СП 401.1325800.2018 "Благоустройство территорий"','550e8400-e29b-41d4-a716-44665544000d'),
        ('ГОСТ 25607-2009 "Ограждения дорожные"','550e8400-e29b-41d4-a716-44665544000e'),
        ('ГОСТ 23407-78 "Малые архитектурные формы. Классификация"','550e8400-e29b-41d4-a716-44665544000f'),
        ('ГОСТ 33122-2014 "Элементы благоустройства. Общие технические условия"','550e8400-e29b-41d4-a716-446655440010'),
        ('ГОСТ Р 55941-2014 "Игровое оборудование. Общие требования безопасности"','550e8400-e29b-41d4-a716-446655440011'),
        ('СП 118.13330.2012 "Общественные здания и сооружения"','550e8400-e29b-41d4-a716-446655440012'),
        ('СП 31.13330.2012 "Улицы и дороги населенных пунктов"','550e8400-e29b-41d4-a716-446655440013')
;

INSERT INTO norm.measurements (id, title) values
(0, 'Метры'),
(1, 'Квадратные метры'),
(3, 'Кубические метры'),
(4, 'Литры'),
(5, 'Килограммы'),
(6, 'Тонны') on conflict do nothing;

INSERT INTO norm.work_category (kpgz, uuid, title)
VALUES  (925749427, gen_random_uuid(), 'Устройство АБП'),
        (925749427, gen_random_uuid(), 'Ремонт АБП'),
        (925749427, gen_random_uuid(), 'Устройство бортового камня'),
        (925749427, gen_random_uuid(), 'Замена бортового камня'),
        (638872897, gen_random_uuid(), 'Ремонт газона'),
        (925749443, gen_random_uuid(), 'Замена ограждений'),
        (925749443, gen_random_uuid(), 'Установка МАФ'),
        (925749405, gen_random_uuid(), 'Ремонт элементов инженерных коммуникаций'),
        (925749427, gen_random_uuid(), 'Замена резинового покрытия'),
        (925749443, gen_random_uuid(), 'Установка игровых элементов') on conflict do nothing;